[{"raw":"(A) this item has a priority and some text","text":"this item has a priority and some text","projects":[],"contexts":[],"complete":false,"dateCreated":null,"dateCompleted":null,"priority":"A","metadata":{"uid":"RFPWF71V9HD8NF1M1DOSJ1TR8PNTUKBK"},"subtasks":[],"indentLevel":0},{"raw":"(B) new item ","text":"new item","projects":[],"contexts":[],"complete":false,"dateCreated":null,"dateCompleted":null,"priority":"B","metadata":{"uid":"PLENRBK91A1EMD9DERGCQGIUIB793BHC"},"subtasks":[],"indentLevel":0},{"raw":"x (B) 2022-01-05 this item has everything and has been edited and completed +project_one @context_one sprint:sprint_1 due:2022-03-10","text":"this item has everything and has been edited and completed ","projects":["project_one"],"contexts":["context_one"],"complete":true,"dateCreated":"2022-01-05","dateCompleted":null,"priority":"B","metadata":{"sprint":"sprint_1","due":"2022-03-10","uid":"JS2IMFG23OJM6UJM4OCDW3P9BHH8UGIJ"},"subtasks":[],"indentLevel":2},{"raw":"this item has some custom meta data sprint:sprint_1","text":"this item has some custom meta data ","projects":[],"contexts":[],"complete":false,"dateCreated":null,"dateCompleted":null,"priority":null,"metadata":{"sprint":"sprint_1","uid":"IPJV9N98Q7WTD0H6UNMYDB06L0GNMXK0"},"subtasks":[],"indentLevel":0},{"raw":"this item has a due date due:2022-02-05","text":"this item has a due date ","projects":[],"contexts":[],"complete":false,"dateCreated":null,"dateCompleted":null,"priority":null,"metadata":{"due":"2022-02-05","uid":"AKTEW6SCXG9IDA0VY63YGOYNGIN53V2N"},"subtasks":[],"indentLevel":0},{"raw":"this item has a context @cool_context","text":"this item has a context ","projects":[],"contexts":["cool_context"],"complete":false,"dateCreated":null,"dateCompleted":null,"priority":null,"metadata":{"uid":"GSPH7YWE0GTVHA2XQSJ13FMRJBY34T7P"},"subtasks":[],"indentLevel":0},{"raw":"this item has a project +cool_project","text":"this item has a project ","projects":["cool_project"],"contexts":[],"complete":false,"dateCreated":null,"dateCompleted":null,"priority":null,"metadata":{"uid":"WEK8GIHOTKUR9009KCK3MTEH9VT5J9PV"},"subtasks":[],"indentLevel":0},{"raw":"this item has only text","text":"this item has only text","projects":[],"contexts":[],"complete":false,"dateCreated":null,"dateCompleted":null,"priority":null,"metadata":{"uid":"OW37E3VAJ1RLDGN4J94O387LN9KCXBKV"},"subtasks":[],"indentLevel":0},{"raw":"x 2022-01-05 this item has a start date","text":"this item has a start date","projects":[],"contexts":[],"complete":true,"dateCreated":null,"dateCompleted":"2022-01-05T00:00:00.000Z","priority":null,"metadata":{"uid":"FUDIWY2Q5P4L2QQIES7YNVLD7BTTS9F6"},"subtasks":[],"indentLevel":2}]