[{"raw":"(A) test ","text":"test","projects":[],"contexts":[],"complete":false,"dateCreated":null,"dateCompleted":null,"priority":"A","metadata":{"uid":"XWX2UVYIPR4V0R0S8S2O316O62070PGU"},"subtasks":[],"indentLevel":0},{"raw":"(B) test ","text":"test","projects":[],"contexts":[],"complete":false,"dateCreated":null,"dateCompleted":null,"priority":"B","metadata":{"uid":"A2VSF2175IIEEF2HYWEDC08OPWNR6OWT"},"subtasks":[],"indentLevel":0},{"raw":"(C) test ","text":"test","projects":[],"contexts":[],"complete":false,"dateCreated":null,"dateCompleted":null,"priority":"C","metadata":{"uid":"D4QABGHMP6UPL9SGKL9X5VVS79P8OXI1"},"subtasks":[],"indentLevel":0}]