[{"raw":"x (A) 2022-12-01 this project was created in the future! +future_projects @doesn't-exist due:2022-04-01 poc:poc_1 sprint:sprint_1 extratag:something uid:LD0LWQCGBV118CR1C6W1UMJ9WJDDT7U5","text":"this project was created in the future! ","projects":["future_projects"],"contexts":["doesn't-exist"],"complete":true,"dateCreated":"2022-12-01T00:00:00.000Z","dateCompleted":null,"priority":"A","metadata":{"due":"2022-04-01","poc":"poc_1","sprint":"sprint_1","extratag":"something","uid":"LD0LWQCGBV118CR1C6W1UMJ9WJDDT7U5"},"subtasks":[],"indentLevel":0},{"raw":"x 2020-01-08 test task, predate +projectA age:40","text":"test task, predate ","projects":["projectA"],"contexts":[],"complete":true,"dateCreated":"2020-01-08","dateCompleted":null,"priority":null,"metadata":{"age":"40","uid":"SCEX7B8EVD56IRB7BHE3AOWP4K546SWF"},"subtasks":[],"indentLevel":0},{"raw":"x 2021-12-20 2021-01-10 this is task one (32 characters)","text":"this is task one (32 characters)","projects":[],"contexts":[],"complete":true,"dateCreated":"2021-01-10","dateCompleted":"2021-12-20T00:00:00.000Z","priority":null,"metadata":{"uid":"YIECX68SXBMEDDBYVV1DRYQ2JJ2KA98A"},"subtasks":[],"indentLevel":2},{"raw":"(A) test +projetB +projecB","text":"test ","projects":["projetB","projecB"],"contexts":[],"complete":false,"dateCreated":null,"dateCompleted":null,"priority":"A","metadata":{"uid":"G3EMNOJFK0UHI94UA3C1FP2T8XL6YL9X"},"subtasks":[],"indentLevel":0},{"raw":"(A) testing 123","text":"testing 123","projects":[],"contexts":[],"complete":false,"dateCreated":null,"dateCompleted":null,"priority":"A","metadata":{"uid":"G52PL9E78YNLB0CSBOMFWUMPAUBDY6JW"},"subtasks":[],"indentLevel":0},{"raw":"(A) 2022-01-01 test","text":"test","projects":[],"contexts":[],"complete":false,"dateCreated":"2022-01-01","dateCompleted":null,"priority":"A","metadata":{"uid":"MW6VOTC3843QTVY45BNKKDJ0GVHOIRCE"},"subtasks":[],"indentLevel":0},{"raw":"(A) 2022-01-1","text":"2022-01-1","projects":[],"contexts":[],"complete":false,"dateCreated":null,"dateCompleted":null,"priority":"A","metadata":{"uid":"HO4G0JLIVX1P5GCSG02HPSJ91EAL1JRE"},"subtasks":[],"indentLevel":0},{"raw":"this is task two, it has a little bit more text (64 characters) +project3","text":"this is task two, it has a little bit more text (64 characters) ","projects":["project3"],"contexts":[],"complete":false,"dateCreated":null,"dateCompleted":null,"priority":null,"metadata":{"uid":"I54N20MV8XFRI4H47KI74M7OIY19GWP7"},"subtasks":[],"indentLevel":0},{"raw":"this task has a long description so that we can see how tasks with a really long description looks when the user interface is resized (expanded or condensed) to fit on the screen, really long descriptions must mean the task is complicated (255 characters) @context1","text":"this task has a long description so that we can see how tasks with a really long description looks when the user interface is resized (expanded or condensed) to fit on the screen, really long descriptions must mean the task is complicated (255 characters) ","projects":[],"contexts":["context1"],"complete":false,"dateCreated":null,"dateCompleted":null,"priority":null,"metadata":{"uid":"OEJ48T1OKXFSS43OOGV1MYVN1XHQG8EN"},"subtasks":[],"indentLevel":0},{"raw":"test +projetB","text":"test ","projects":["projetB"],"contexts":[],"complete":false,"dateCreated":null,"dateCompleted":null,"priority":null,"metadata":{"uid":"FG6QWL085MCFFQVWYNT86I6R4W1VC5TH"},"subtasks":[],"indentLevel":0},{"raw":"testtwo +projetB","text":"testtwo ","projects":["projetB"],"contexts":[],"complete":false,"dateCreated":null,"dateCompleted":null,"priority":null,"metadata":{"uid":"J4HM47VNIUNPIRESAEVF75BYQRN4934R"},"subtasks":[],"indentLevel":0},{"raw":"this is a new task due:2021-12-21","text":"this is a new task ","projects":[],"contexts":[],"complete":false,"dateCreated":null,"dateCompleted":null,"priority":null,"metadata":{"due":"2021-12-21","uid":"OX67OUMKCEX6PR787HW4X880839F5N1G"},"subtasks":[],"indentLevel":0}]